{
  "version": 1,
  "author": "Anonymous maker",
  "editor": "wokwi",
  "parts": [
    { "type": "board-esp32-devkit-c-v4", "id": "esp", "top": -105.6, "left": -23.96, "attrs": {} },
    {
      "type": "wokwi-lcd1602",
      "id": "lcd1",
      "top": -185.6,
      "left": 188,
      "attrs": { "pins": "i2c" }
    },
    {
      "type": "wokwi-resistor",
      "id": "r1",
      "top": 4.8,
      "left": 95.45,
      "rotate": 90,
      "attrs": { "value": "1000" }
    },
    {
      "type": "wokwi-resistor",
      "id": "r2",
      "top": 4.8,
      "left": 105.05,
      "rotate": 90,
      "attrs": { "value": "1000" }
    },
    {
      "type": "wokwi-pushbutton",
      "id": "btn1",
      "top": 44.6,
      "left": 192,
      "attrs": { "color": "red", "xray": "1" }
    },
    {
      "type": "wokwi-pushbutton",
      "id": "btn2",
      "top": 92.6,
      "left": 192,
      "attrs": { "color": "green", "xray": "1" }
    }
  ],
  "connections": [
    [ "esp:TX", "$serialMonitor:RX", "", [] ],
    [ "esp:RX", "$serialMonitor:TX", "", [] ],
    [ "lcd1:SDA", "esp:21", "green", [ "v-4.49", "h-28.8", "v23.89" ] ],
    [ "lcd1:GND", "esp:GND.2", "black", [ "h-16.67", "v162.78" ] ],
    [ "lcd1:VCC", "esp:3V3", "red", [ "h-9.6", "v-57.5", "h-134.55" ] ],
    [ "lcd1:SCL", "esp:22", "purple", [ "h-19.2", "v-18.9" ] ],
    [ "r1:1", "lcd1:VCC", "yellow", [ "h-9.6", "v-76.8" ] ],
    [ "r2:1", "lcd1:VCC", "yellow", [ "h0", "v-76.8" ] ],
    [ "esp:GND.3", "btn1:2.r", "black", [ "h220.8", "v96" ] ],
    [ "esp:GND.3", "btn2:2.r", "black", [ "h220.8", "v144" ] ],
    [ "r2:2", "btn1:1.l", "green", [ "h0" ] ],
    [ "esp:4", "btn1:1.l", "blue", [ "h86.4", "v19.2" ] ],
    [ "r1:2", "btn2:1.l", "green", [ "h0", "v56.4" ] ],
    [ "esp:2", "btn2:1.l", "orange", [ "h38.4", "v57.6" ] ]
  ],
  "dependencies": {}
}